Album_Name,Album_ID,Album_type,Artist_ID
Demon Days,1,album,1
Plastic Beach,2,album,1
New Gold (feat. Tame Impala and Bootie Brown),3,single,1
Gorillaz,4,album,1
New Gold (feat. Tame Impala and Bootie Brown) [Dom Dolla Remix],5,single,1
Humanz (Deluxe),6,album,1
Cracker Island (feat. Thundercat),7,single,1
Californication (Deluxe Edition),8,album,2
Blood Sugar Sex Magik (Deluxe Edition),9,album,2
By the Way (Deluxe Edition),10,album,2
Stadium Arcadium,11,album,2
The Getaway,12,album,2
Get Rich Or Die Tryin',13,album,3
The Massacre,14,album,3
Curtain Call 2,15,album,3
Best Friend (Remix),16,single,3
Metallica (Remastered),17,album,4
Master of Puppets (Remastered Deluxe Box Set),18,album,4
"Garage, Inc.",19,album,4
...And Justice for All (Remastered Deluxe Box Set),20,album,4
Ride The Lightning (Deluxe Remaster),21,album,4
Lux Ã†terna,22,single,4
Screaming Suicide,23,single,4
Parachutes,24,album,5
Viva La Vida or Death and All His Friends,25,album,5
Memories...Do Not Open,26,album,5
A Rush of Blood to the Head,27,album,5
Ghost Stories,28,album,5
Mylo Xyloto,29,album,5
A Head Full of Dreams,30,album,5
Music Of The Spheres,31,album,5
X&Y,32,album,5
Get Lucky (feat. Pharrell Williams & Nile Rodgers) [Radio Edit],33,single,6
Discovery,34,album,6
Random Access Memories,35,album,6
Homework,36,album,6
Hybrid Theory (Bonus Edition),37,album,7
Meteora,38,album,7
Minutes to Midnight,39,album,7
Numb / Encore: MTV Ultimate Mash-Ups Presents Collision Course,40,single,7
LIVING THINGS,41,album,7
Pablo Honey,42,album,8
OK Computer,43,album,8
The Bends,44,album,8
In Rainbows,45,album,8
Highway to Hell,46,album,9
The Razors Edge,47,album,9
Back In Black,48,album,9
High Voltage,49,album,9
Dirty Deeds Done Dirt Cheap,50,album,9
Black Ice,51,album,9
THE E.N.D. (THE ENERGY NEVER DIES),52,album,10
ELEVATION,53,album,10
Elephunk,54,album,10
The Beginning,55,album,10
TRANSLATION,56,album,10
Monkey Business,57,album,10
Pump It Louder,58,single,10
Thriller,59,album,11
XSCAPE,60,album,11
Bad (Remastered),61,album,11
Off the Wall,62,album,11
"HIStory - PAST, PRESENT AND FUTURE - BOOK I",63,album,11
Dangerous,64,album,11
The Truth About Love,65,album,12
Never Gonna Not Dance Again,66,single,12
Raise Your Glass,67,single,12
Funhouse (Expanded Edition),68,album,12
Beautiful Trauma,69,album,12
All I Know So Far: Setlist,70,album,12
TRUSTFALL,71,single,12
I'm Not Dead,72,album,12
Encore (Deluxe Version),73,album,13
The Eminem Show,74,album,13
The Marshall Mathers LP,75,album,13
Recovery,76,album,13
Music To Be Murdered By,77,album,13
G I R L,78,album,14
Down In Atlanta,79,single,14
Funk Wav Bounces Vol.1,80,album,14
Cash In Cash Out,81,single,14
Funk Wav Bounces Vol. 2,82,album,14
Hit Different,83,single,14
Luv Is Rage 2,84,album,14
CALL ME IF YOU GET LOST,85,album,14
Just A Cloud Away,86,single,14
The Neptunes Present... Clones,87,album,14
lovely (with Khalid),88,single,15
Numb,89,single,15
Silence,90,single,15
American Teen,91,album,15
FRIENDS KEEP SECRETS,92,album,15
Suncity,93,album,15
No.6 Collaborations Project,94,album,15
Love Lies (with Normani),95,single,15
"Shakira: Bzrp Music Sessions, Vol. 53",96,single,16
MonotonÃ­a,97,single,16
Te Felicito,98,single,16
"Oral Fixation, Vol. 2 (Expanded Edition)",99,album,16
Listen Up! The Official 2010 FIFA World Cup Album,100,compilation,16
ELEVATION,101,album,16
"FijaciÃ³n Oral, Vol. 1",102,album,16
El Dorado,103,album,16
Donde Estan Los Ladrones,104,album,16
Pies Descalzos,105,album,16
Tickets To My Downfall,106,album,17
Hotel Diablo,107,album,17
mainstream sellout,108,album,17
"Home (with Machine Gun Kelly, X Ambassadors & Bebe Rexha) [From Bright: The Album]",109,single,17
bloom,110,album,17
F*CK LOVE 3+: OVER YOU,111,album,17
Intimo,112,album,18
FÃ©nix,113,album,18
Golden,114,album,18
"Nicky Jam: Bzrp Music Sessions, Vol. 41",115,single,18
Climaxxx,116,album,18
Exitos,117,album,18
Si Te Preguntan...,118,single,18
Color Esperanza 2020,119,single,18
Gargolas 3,120,album,18
Abbey Road (Remastered),121,album,19
Let It Be (Remastered),122,album,19
Help! (Remastered),123,album,19
Please Please Me (Remastered),124,album,19
The Beatles (Remastered),125,album,19
Rubber Soul (Remastered),126,album,19
1 (Remastered),127,album,19
Planet Pit (Deluxe Version),128,album,20
Global Warming: Meltdown (Deluxe Version),129,album,20
Globalization,130,album,20
Pitbull Starring In Rebelution,131,album,20
LEGENDADDY,132,album,20
Mad Love The Prequel,133,album,21
The Trinity,134,album,21
10,135,album,21
Dutty Rock (20th Anniversary),136,album,21
Tomahawk Technique,137,album,21
Only Hits,138,compilation,21
UP,139,single,21
Contra La Pared,140,single,21
Blue Hawaii,141,album,22
Elvis' Christmas Album,142,album,22
From Elvis in Memphis,143,album,22
Elvis (Fool),144,album,22
ELVIS (Original Motion Picture Soundtrack),145,album,22
Platinum - A Life In Music,146,album,22
Elvis 30 #1 Hits (Expanded Edition),147,album,22
Greatest Hits,148,compilation,23
All Eyez On Me,149,album,23
R U Still Down? [Remember Me],150,album,23
Me Against The World,151,album,23
Strictly 4 My N.I.G.G.A.Z...,152,album,23
Bad Decisions (with BTS & Snoop Dogg),153,single,24
Mac and Devin Go to High School (Music from and Inspired by the Movie),154,album,24
R&G (Rhythm & Gangsta): The Masterpiece,155,album,24
"That's My N**** (with Meek Mill, YG & Snoop Dogg) [From Bright: The Album]",156,single,24
Curtain Call 2,157,album,24
Sweat (Snoop Dogg Vs. David Guetta) [Remix],158,single,24
Paid Tha Cost To Be Da Bo$$,159,album,24
Sexy Songs 2020,160,compilation,24
QuÃ© MaldiciÃ³n,161,single,24
Riders On The Storm (Fredwreck Remix),162,single,24
I Am Not A Human Being II (Deluxe),163,album,25
Sucker for Pain (with Logic & Ty Dolla $ign feat. X Ambassadors),164,single,25
Tha Carter IV (Complete Edition),165,album,25
Relapse: Refill,166,album,25
Tha Carter III (MTV Bonus Version),167,album,25
Spider-Man: Into the Spider-Verse (Soundtrack From & Inspired by the Motion Picture),168,compilation,25
mainstream sellout,169,album,25
I Am Not A Human Being,170,album,25
Everyday Is Christmas (Deluxe Edition),171,album,26
This Is Acting (Deluxe Version),172,album,26
1000 Forms Of Fear (Deluxe Version),173,album,26
Icarus Falls,174,album,26
"LABRINTH, SIA & DIPLO PRESENT... LSD",175,album,26
Unstoppable (R3HAB Remix),176,single,26
ENOC,177,album,26
Rumours (Super Deluxe),178,album,27
Tango In the Night (Deluxe Edition),179,album,27
Rumours,180,album,27
Fleetwood Mac,181,album,27
Greatest Hits,182,compilation,27
Arrival,183,album,28
Voulez-Vous,184,album,28
Abba,185,album,28
Super Trouper,186,album,28
The Album,187,album,28
Waterloo,188,album,28
Christmas Songs by Sinatra,189,album,29
A Jolly Christmas From Frank Sinatra,190,album,29
My Way (Expanded Edition),191,album,29
The World We Knew,192,album,29
Sinatra/Basie: The Complete Reprise Studio Recordings,193,album,29
Strangers In The Night (Expanded Edition),194,album,29
That's Life,195,album,29
10:35,196,single,30
The Motto,197,single,30
Don't Be Shy,198,single,30
Lay Low,199,single,30
The Business,200,single,30
Hot In It,201,single,30
Pump It Louder,202,single,30
Another Love (TiÃ«sto Remix),203,single,30
Baila Conmigo,204,single,30
The London Sessions,205,album,30
The Lockdown Sessions,206,album,31
Too Low For Zero,207,album,31
Honky Chateau,208,album,31
Elton John,209,album,31
Rock Of The Westies,210,album,31
Madman Across The Water,211,album,31
Goodbye Yellow Brick Road (40th Anniversary Celebration / Super Deluxe),212,album,31
Goodbye Yellow Brick Road (Remastered),213,album,31
Merry Christmas,214,single,31
Watch The Throne (Deluxe),215,album,32
The Blueprint 3,216,album,32
Numb / Encore: MTV Ultimate Mash-Ups Presents Collision Course,217,single,32
4:44,218,album,32
The Blueprint 2: The Gift & The Curse,219,album,32
Certified Lover Boy,220,album,32
HEROES & VILLAINS,221,album,33
Her Loss,222,album,33
"Honestly, Nevermind",223,album,33
SAVAGE MODE II,224,album,33
Certified Lover Boy,225,album,33
Yeezus,226,album,34
808s & Heartbreak,227,album,34
Graduation,228,album,34
Watch The Throne (Deluxe),229,album,34
The Life Of Pablo,230,album,34
ye,231,album,34
Late Registration,232,album,34
Soy Como Quiero Ser,233,album,35
Busca Una Mujer,234,album,35
Aries,235,album,35
Segundo Romance,236,album,35
Romances,237,album,35
20 AÃ±os,238,album,35
Romance,239,album,35
Vivo,240,album,35
RENAISSANCE,241,album,36
Dangerously In Love,242,album,36
I AM...SASHA FIERCE,243,album,36
4,244,album,36
Perfect Duet (Ed Sheeran & BeyoncÃ©),245,single,36
BEYONCÃ‰ [Platinum Edition],246,album,36
ULALA (OOH LA LA),247,single,37
YHLQMDLG,248,album,37
Barrio Fino (Bonus Track Version),249,album,37
LEGENDADDY,250,album,37
VIDA,251,album,37
Con Calma,252,single,37
Talento de Barrio,253,album,37
El Cartel: The Big Boss,254,album,37
SOS,255,album,38
Heaven Or Hell,256,album,38
B4 The Storm,257,album,38
Do It Right,258,single,38
Honest,259,single,38
Studying Abroad: Extended Stay,260,album,38
Life of a DON,261,album,38
It's Almost Dry,262,album,38
Por Primera Vez,263,album,39
KESI (Remix),264,single,39
Para Aventuras y Curiosidades,265,album,39
De Adentro Pa Afuera,266,album,39
Si Me Dices Que SÃ­,267,single,39
El Mismo Aire (con Pablo AlborÃ¡n),268,single,39
Color Esperanza 2020,269,single,39
AfrodisÃ­aco,270,album,39
The Lockdown Sessions,271,album,40
In The Zone,272,album,40
Blackout,273,album,40
...Baby One More Time (Digital Deluxe Version),274,album,40
Oops!... I Did It Again,275,album,40
My Only Wish (This Year),276,single,40
Circus (Deluxe Version),277,album,40
Femme Fatale (Deluxe Version),278,album,40
La 167,279,album,41
Diles,280,single,41
Si Se da Remix,281,single,41
Fantasias,282,single,41
MUNAY,283,album,41
World Of Walker,284,album,41
Si Me Dices Que SÃ­,285,single,41
Farruko Presents Los Menores,286,album,41
Color Esperanza 2020,287,single,41
QuejÃ­os de un Maleante,288,album,41
La Ãšltima MisiÃ³n,289,album,42
Mayor Que Usted,290,single,42
Si Te Pillo,291,single,42
Mas Flow - Los Benjamins,292,album,42
LÃ­deres,293,album,42
Pa'l Mundo,294,album,42
"Wisin Vs Yandel ""Los Extraterrestres""",295,album,42
Si Supieras,296,single,42
"All I Want (From ""High School Musical: The Musical: The Series"")",297,single,43
Mulan (Original Soundtrack),298,compilation,43
The Little Mermaid Special Edition,299,album,43
Descendants (Original TV Movie Soundtrack),300,compilation,43
Hercules (Original Motion Picture Soundtrack),301,compilation,43
Walt Disney Records The Legacy Collection: Aladdin,302,album,43
Beauty And The Beast (Special Edition),303,compilation,43
High School Musical 2 (Original Soundtrack),304,compilation,43
Indigo (Extended),305,album,44
HEROES & VILLAINS,306,album,44
Indigo,307,album,44
NostÃ¡lgico,308,single,44
Slime & B,309,album,44
Forever,310,single,44
F.A.M.E. (Expanded Edition),311,album,44
Under The Influence,312,single,44
Monalisa,313,single,44
Exclusive (Expanded Edition),314,album,44
Alone At Prom,315,album,45
I Told You,316,album,45
The New Toronto 3,317,album,45
"WHATS POPPIN (feat. DaBaby, Tory Lanez & Lil Wayne) [Remix]",318,single,45
In For It,319,single,45
Chixtape 5,320,album,45
I LIKE,321,single,45
PLAYBOY,322,album,45
Merry Christmas,323,album,46
Daydream,324,album,46
The Emancipation of Mimi,325,album,46
It Ain't Safe No More. . .,326,album,46
Music Box,327,album,46
Memoirs of an imperfect Angel,328,album,46
Vendhu Thanindhathu Kaadu (Original Motion Picture Soundtrack),329,single,47
OK Jaanu (Original Motion Picture Soundtrack),330,album,47
Mimi (Original Motion Picture Soundtrack),331,album,47
Atrangi Re,332,album,47
Raanjhanaa (Original Motion Picture Soundtrack),333,album,47
Jodhaa Akbar (Original Motion Picture Soundtrack),334,album,47
"Ponni Nadhi (From ""Ponniyin Selvan Part -1"") [Original Motion Picture Soundtrack]",335,single,47
I (Original Motion Picture Soundtrack),336,album,47
Rockstar,337,album,47
Guru (Original Motion Picture Soundtrack),338,album,47
Das Geheimnis der Geisterinsel,339,album,48
Brahmastra (Original Motion Picture Soundtrack),340,album,49
Love Aaj Kal (Original Motion Picture Soundtrack),341,album,49
Yeh Jawaani Hai Deewani,342,album,49
Jab We Met,343,album,49
Chhichhore,344,album,49
Ajab Prem Ki Ghazab Kahani (Original Motion Picture Soundtrack),345,album,49
Agent Vinod,346,album,49
Kalank (Original Motion Picture Soundtrack),347,album,49
Bhool Bhulaiyaa 2,348,album,49
Shor in the City (Original Motion Picture Soundtrack),349,album,50
Pal,350,single,50
Brahmastra (Original Motion Picture Soundtrack),351,album,50
Mimi (Original Motion Picture Soundtrack),352,album,50
Hamari Adhuri Kahani (Original Motion Picture Soundtrack),353,album,50
Silunu Oru Kadhal,354,album,50
Rab Ne Bana Di Jodi (Original),355,album,50
Soulful Sonu Nigam Specials,356,compilation,50
Tere Naal Love Ho Gaya (Original Motion Picture Soundtrack),357,album,50
Samjhawan,358,single,50
The Wall,359,album,51
Wish You Were Here,360,album,51
The Dark Side of the Moon,361,album,51
Toxicity,362,album,52
Hypnotize,363,album,52
Mezmerize,364,album,52
System Of A Down,365,album,52
Dookie,366,album,53
American Idiot,367,album,53
Nimrod,368,album,53
Greatest Hits: God's Favorite Band,369,compilation,53
21st Century Breakdown,370,album,53
Insomniac,371,album,53
In A Time Lapse,372,album,54
Una Mattina,373,album,54
Moments of Peace,374,album,54
Underwater,375,album,54
Divenire (Deluxe Edition),376,album,54
Black Holes and Revelations,377,album,55
The Resistance,378,album,55
Absolution,379,album,55
The 2nd Law,380,album,55
Drones,381,album,55
Origin of Symmetry,382,album,55
Aerosmith,383,album,56
Get A Grip,384,album,56
I Don't Want To Miss A Thing EP,385,single,56
Toys In The Attic,386,album,56
Permanent Vacation,387,album,56
Big Ones,388,compilation,56
Vol. 3: The Subliminal Verses,389,album,57
All Hope Is Gone (10th Anniversary),390,album,57
.5: The Gray Chapter (Special Edition),391,album,57
Slipknot,392,album,57
We Are Not Your Kind,393,album,57
"The End, So Far",394,album,57
(What's The Story) Morning Glory? (Deluxe Remastered Edition),395,album,58
Heathen Chemistry,396,album,58
Definitely Maybe (Deluxe Edition Remastered),397,album,58
Be Here Now (Deluxe Remastered Edition),398,album,58
Aftermath,399,album,59
Tattoo You (2009 Re-Mastered),400,album,59
Out Of Our Heads,401,album,59
Let It Bleed,402,album,59
Beggars Banquet (50th Anniversary Edition),403,album,59
Some Girls,404,album,59
Goats Head Soup (Remastered 2009),405,album,59
Sticky Fingers (Remastered),406,album,59
Interstellar (Original Motion Picture Soundtrack) [Expanded Edition],407,album,60
Inception (Music from the Motion Picture),408,album,60
Top Gun: Maverick (Music From The Motion Picture),409,album,60
The Lion King,410,compilation,60
The Da Vinci Code,411,album,60
White Pony,412,album,61
Around the Fur,413,album,61
Diamond Eyes,414,album,61
Saturday Night Wrist,415,album,61
Koi No Yokan,416,album,61
Adrenaline,417,album,61
Enema Of The State,418,album,62
blink-182,419,album,62
Take Off Your Pants And Jacket,420,album,62
EDGING,421,single,62
Dude Ranch,422,album,62
Uprising,423,album,63
Exodus,424,album,63
Kaya,425,album,63
Confrontation,426,album,63
Live!,427,album,63
The Rise and Fall of Ziggy Stardust and the Spiders from Mars (2012 Remaster),428,album,64
"""Heroes"" (2017 Remaster)",429,album,64
Diamond Dogs (2016 Remaster),430,album,64
David Bowie (aka Space Oddity) [2015 Remaster],431,album,64
Hunky Dory (2015 Remaster),432,album,64
Let's Dance (2018 Remaster),433,album,64
Slippery When Wet,434,album,65
Crush,435,album,65
Cross Road,436,compilation,65
Keep The Faith,437,album,65
Bon Jovi,438,album,65
New Jersey (Deluxe Edition),439,album,65
2001,440,album,66
I Need A Doctor,441,single,66
Friday (Original Motion Picture Soundtrack),442,compilation,66
Gospel (with Eminem),443,single,66
Kush,444,single,66
Pendulum (Expanded Edition),445,album,67
Willy And The Poor Boys (Expanded Edition),446,album,67
Green River (Expanded Edition),447,album,67
Bayou Country (Expanded Edition),448,album,67
Cosmo's Factory,449,album,67
The Joshua Tree (Super Deluxe),450,album,68
Achtung Baby (Deluxe Edition),451,album,68
All That You Can't Leave Behind,452,album,68
War (Remastered),453,album,68
The Unforgettable Fire (Remastered),454,album,68
How To Dismantle An Atomic Bomb,455,album,68
Pride (In The Name Of Love) [Songs Of Surrender],456,single,68
Party We Will Throw Now! - Single,457,single,69
Music and Me,458,album,69
Eminem Presents The Re-Up,459,compilation,69
A Tribute to the King of G-Funk (Deluxe Version),460,album,69
The Prodigal Son (Digitally Remastered),461,album,69
I Got Love (feat. Nate Dogg),462,single,69
Balas Perdidas,463,album,70
Un DÃ­a Normal,464,album,70
SI AYER FUERA HOY,465,album,70
#NAME?,466,album,70
Mi Sangre,467,album,70
Â¿DÃ³nde JugarÃ¡n Los NiÃ±os?,468,album,71
Falta Amor,469,album,71
SueÃ±os LÃ­quidos,470,album,71
Cama Incendiada,471,album,71
Te LlorÃ© Un RÃ­o,472,single,71
Mariposa Traicionera,473,single,71
Eres Mi ReligiÃ³n,474,single,71
Amar Es Combatir,475,album,71
How Can You Mend A Broken Heart,476,album,72
Staying Alive (Original Motion Picture Soundtrack),477,compilation,72
Bee Gees' 1st,478,album,72
More Than A Woman (SG's Paradise Edit),479,single,72
Children Of The World,480,album,72
Spirits Having Flown,481,album,72
Idea (Deluxe Edition),482,album,72
An Innocent Man,483,album,73
The Stranger (Legacy Edition),484,album,73
Piano Man (Legacy Edition),485,album,73
Storm Front,486,album,73
52nd Street,487,album,73
Glass Houses,488,album,73
Life After Death (2014 Remastered Edition),489,album,74
Ready to Die (The Remaster),490,album,74
Whos The Man ? Soundtrack,491,compilation,74
Duets: The Final Chapter,492,album,74
Ready to Die (The Remaster; 2015 Remaster),493,album,74
FÃ©nix,494,album,75
Euphoria (Standard US/Latin version),495,album,75
FINAL (Vol.1),496,album,75
Escape,497,album,75
SEX AND LOVE (Deluxe),498,album,75
Enrique Iglesias,499,album,75
Shock Value,500,album,76
Shock Value II,501,album,76
Back To The Game,502,album,76
MÃ¡s,503,album,77
El Ultimo AdiÃ³s,504,single,77
TINI TINI TINI,505,album,77
Deja Que Te Bese,506,single,77
El tren de los momentos,507,album,77
Alejandro Sanz 3,508,album,77
Himno A La AlegrÃ­a,509,single,77
Paraiso Express,510,album,77
Whitney,511,album,78
The Bodyguard - Original Soundtrack Album,512,album,78
Golden Hour,513,album,78
"I Wanna Dance With Somebody (The Movie: Whitney New, Classic and Reimagined)",514,album,78
Whitney Houston,515,album,78
My Love Is Your Love,516,album,78
Confessions on a Dance Floor,517,album,79
Celebration (double disc version),518,compilation,79
Back That Up To The Beat,519,single,79
Frozen,520,single,79
True Blue (Reissue),521,album,79
Like a Virgin (Reissue),522,album,79
The Diary Of Alicia Keys,523,album,80
Confessions (Expanded Edition),524,album,80
As I Am (Expanded Edition),525,album,80
Girl on Fire (Remixes) - EP,526,single,80
The Element Of Freedom,527,album,80
Songs In A Minor,528,album,80
B.I.B.L.E.,529,album,80
Vault Volume 1,530,single,80
ALICIA,531,album,80
The Search for Everything,532,album,81
Sob Rock,533,album,81
Continuum,534,album,81
Room For Squares,535,album,81
Where the Light Is: John Mayer Live In Los Angeles,536,album,81
XO,537,single,81
Global Warming: Meltdown (Deluxe Version),538,album,82
El Ultimo AdiÃ³s,539,single,82
Is There Anybody Out There?,540,album,82
Christina Aguilera (Expanded Edition),541,album,82
Stripped,542,album,82
My Kind Of Christmas,543,album,82
Back To Basics,544,album,82
Lady Marmalade,545,single,82
3,546,album,83
De Vuelta Pa' La Vuelta,547,single,83
Valio La Pena,548,album,83
Contra La Corriente,549,album,83
Sigo Siendo Yo,550,compilation,83
Iconos,551,album,83
OPUS,552,album,83
Independiente + Demos,553,album,84
Santo Pecado,554,album,84
Solo,555,album,84
Adentro,556,album,84
QuiÃ©n Dijo Ayer,557,album,84
5to Piso,558,album,84
Sin DaÃ±os A Terceros,559,album,84
"Signed, Sealed And Delivered",560,album,85
At The Close Of A Century,561,compilation,85
The Definitive Collection,562,compilation,85
Mono Singles,563,album,85
For Once In My Life,564,album,85
Songs In The Key Of Life,565,album,85
Talking Book,566,album,85
In Square Circle,567,album,85
Battle Of The Sexes (Deluxe),568,album,86
Back For The First Time,569,album,86
The Source Presents Hip Hop Hits Vol. 7,570,compilation,86
Word Of Mouf,571,album,86
Release Therapy,572,album,86
The Red Light District,573,album,86
Chicken - N - Beer,574,album,86
House Of Pleasure,575,album,87
Guatauba XXX,576,compilation,87
Love And Sex,577,album,87
El Hombre,578,album,87
FanÃ¡tica Sensual,579,single,87
Frikitona - Single,580,single,87
Ella Fuma,581,single,87
VolvÃ­,582,single,88
God's Project,583,album,88
We Broke The Rules,584,album,88
The Last,585,album,88
K.O.B. Live,586,album,88
Confessions (Expanded Edition),587,album,89
Raymond v Raymond (Expanded Edition),588,album,89
Here I Stand,589,album,89
8701,590,album,89
Over It,591,album,89
Vicente Fernandez Para Siempre,592,album,90
Que De Raro Tiene,593,album,90
El Cuatrero,594,album,90
Vicente FernÃ¡ndez,595,album,90
Es La Diferencia,596,album,90
Arriba Huentitan,597,album,90
De Que Manera Te Olvido,598,album,90
A CorazÃ³n Abierto,599,album,91
Inexperto En Olvidarte,600,single,91
El Ultimo AdiÃ³s,601,single,91
Rompiendo Fronteras,602,album,91
Dos Mundos - EvoluciÃ³n,603,album,91
Mariposa Traicionera,604,single,91
Confidencias,605,album,91
Hecho En MÃ©xico,606,album,91
Que Seas Muy Feliz,607,album,91
Epiphany (Expanded Edition),608,album,92
Rappa Ternt Sanga (Expanded Edition),609,album,92
Happy Hour: The Greatest Hits,610,compilation,92
Revolver (Expanded Edition),611,album,92
Chixtape 5,612,album,92
I Like Dat,613,single,92
Bach: Unaccompanied Cello Suites (Remastered),614,album,93
Born in the 1600s: Bach,615,compilation,93
"Bach: The Goldberg Variations, BWV 988 (1981 Gould Remaster)",616,album,93
"J.S. Bach: The Well-Tempered Clavier, Book 1, BWV 846-869 / Prelude & Fugue in C Major, BWV 846: I. Prelude",617,single,93
Bach and Beyond,618,album,93
Six Evolutions - Bach: Cello Suites,619,album,93
Friedman: Piano Transcriptions,620,album,93
Bach: Overtures (Suites) Nos. 1-4,621,album,93
J.S. Bach: Violin Concertos Nos. 1 & 2; Partita No. 2,622,album,93
Two Hands,623,album,93
Trip,624,album,94
Sunshine,625,single,94
Sail Out,626,album,94
Chilombo,627,album,94
P*$$Y Fairy (OTW),628,single,94
Souled Out (Deluxe),629,album,94
Chilombo (Deluxe),630,album,94
Love Forever With Arijit Singh,631,compilation,95
"Tip Tip (From ""Sooryavanshi"")",632,single,95
"Bollywood Music - Kumar Sanu At His Best, Vol. 2",633,album,95
Qayamat Se Qayamat Tak,634,single,95
Kabhi Khushi Kabhie Gham (Original Motion Picture Soundtrack),635,album,95
Kuch Kuch Hota Hai,636,album,95
Hum Tum,637,album,95
"Tip Tip (From ""Sooryavanshi"")",638,single,96
Yaaradi Nee Mohini (Original Motion Picture Soundtrack),639,album,96
Veer - Zaara,640,album,96
Tashan,641,album,96
Qayamat Se Qayamat Tak,642,single,96
Kabhi Khushi Kabhie Gham (Original Motion Picture Soundtrack),643,album,96
Kuch Kuch Hota Hai,644,album,96
Jo Jeeta Wohi Sikandar (Original Motion Picture Soundtrack),645,album,96
Mohabbatein,646,album,96
Hero No. 1 (Original Motion Picture Soundtrack),647,album,96
"Besharam Rang (From ""Pathaan"")",648,single,97
Pathaan,649,single,97
Student of the Year (Original Motion Picture Soundtrack),650,album,97
Bachna Ae Haseeno,651,single,97
YRF Top 10 - Nightout Sounds,652,album,97
Befikre,653,album,97
Tiger Zinda Hai,654,single,97
Tashan,655,album,97
Jayeshbhai Jordaar,656,single,97
"O Saki Saki (From ""Batla House"")",657,single,97
Bibi und Tina (Der Original-Soundtrack zum Kinofilm),658,album,98
Bibi und Tina: MÃ¤dchen gegen Jungs (Der Original-Soundtrack zum Kinofilm),659,album,98
Bibi und Tina: VOLL VERHEXT! (Der Original-Soundtrack zum Kinofilm),660,album,98
"Ennai Vittu (From ""Love Today"")",661,single,99
"Pacha Elai (From ""Love Today"")",662,single,99
"Kanja Poovu Kannala (From ""Viruman"")",663,single,99
Yaaradi Nee Mohini (Original Motion Picture Soundtrack),664,album,99
Goa (Original Motion Picture Soundtrack),665,album,99
"Saachitale (From ""Love Today"")",666,single,99
Awaara (Original Motion Picture Soundtrack),667,single,99
"High On Love (From ""Pyaar Prema Kaadhal"" Original Motion Picture Soundtrack)",668,single,99
Love Today (Original Motion Picture Soundtrack),669,single,99
Folge 146: Der Hexenbesenausflug,670,album,100
Ten,671,album,101
Last Kiss,672,single,101
Backspacer,673,album,101
Jeremy,674,single,101
Vs.,675,album,101
Vitalogy,676,album,101
"Rise And Fall, Rage And Grace",677,album,102
Americana,678,album,102
Smash,679,album,102
Conspiracy Of One,680,album,102
Ixnay On The Hombre,681,album,102
American IV: The Man Comes Around,682,album,103
Ring Of Fire: The Best Of Johnny Cash,683,compilation,103
Highwayman,684,album,103
At Folsom Prison,685,album,103
Nashville Skyline,686,album,103
Sings the Songs that Made Him Famous,687,album,103
American V: A Hundred Highways,688,album,103
Carryin' On With Johnny Cash And June Carter,689,album,103
Silver,690,album,103
Hotel California (2013 Remaster),691,album,104
Eagles (2013 Remaster),692,album,104
Please Come Home for Christmas / Funky New Year (2013 Remaster),693,single,104
One of These Nights (2013 Remaster),694,album,104
Desperado (2013 Remaster),695,album,104
Hell Freezes Over (Remaster 2018),696,album,104
Follow The Leader,697,album,105
See You On the Other Side,698,album,105
Issues,699,album,105
Live & Rare,700,album,105
Untouchables,701,album,105
Word Up! (The Remixes),702,single,105
Take A Look In The Mirror,703,album,105
Life Is Peachy,704,album,105
Little Dark Age,705,album,106
Oracular Spectacular,706,album,106
Congratulations,707,album,106
MM...FOOD,708,album,107
Operation: Doomsday (Complete),709,album,107
Madvillainy,710,album,107
Three Imaginary Boys (Deluxe Edition),711,album,108
Wish,712,album,108
"Kiss Me, Kiss Me, Kiss Me",713,album,108
The Head on the Door,714,album,108
The Head on the Door (Deluxed Edition),715,album,108
Disintegration (Deluxe Edition),716,album,108
Seventeen Seconds (Deluxe Edition),717,album,108
Japanese Whispers,718,compilation,108
In Between Dreams,719,album,109
Upside Down,720,single,109
Willie Nelson American Outlaw (Live),721,compilation,109
From Here To Now To You,722,album,109
Sleep Through The Static,723,album,109
On And On,724,album,109
Brushfire Fairytales [Remastered (Bonus Version)],725,album,109
All The Light Above It Too,726,album,109
Stankonia,727,album,110
Speakerboxxx/The Love Below,728,album,110
ATLiens,729,album,110
Aquemini,730,album,110
Southernplayalisticadillacmuzik,731,album,110
The Predator,732,album,111
Lethal Injection,733,album,111
Bootlegs And B-Sides,734,compilation,111
Death Certificate,735,album,111
"Laugh Now, Cry Later",736,album,111
Everythangs Corrupt,737,album,111
War & Peace Vol. 2 (The Peace Disc),738,album,111
Raw Footage,739,album,111
"Hello, I Must Be Going! (Deluxe Edition)",740,album,112
Face Value (Deluxe Editon),741,album,112
The Singles (Expanded),742,compilation,112
...But Seriously (Deluxe Edition),743,album,112
Disney Summer Songs,744,compilation,112
Chinese Wall (Expanded Edition),745,album,112
No Jacket Required (2016 Remaster),746,album,112
Love Songs (A Compilation Old and New),747,compilation,112
...But Seriously (2016 Remaster),748,album,112
Home Alone (Original Motion Picture Soundtrack) [Anniversary Edition],749,album,113
Jurassic Park,750,album,113
Star Wars: The Phantom Menace (Original Motion Picture Soundtrack),751,album,113
Schindler's List,752,album,113
Harry Potter and The Sorcerer's Stone Original Motion Picture Soundtrack,753,compilation,113
Star Wars: The Empire Strikes Back (Original Motion Picture Soundtrack),754,album,113
Originales - 20 Exitos,755,album,114
Soda Stereo (Remastered),756,album,114
Comfort Y Musica Para Volar,757,album,114
Signos (Remastered),758,album,114
Doble Vida (Remastered),759,album,114
"One Mic, One Gun",760,single,115
Illmatic,761,album,115
It Was Written,762,album,115
I Am...,763,album,115
God's Son,764,album,115
VIDA,765,album,116
El Ultimo AdiÃ³s,766,single,116
CORAZONES ROTOS,767,single,116
Palabras Del Silencio (EdiciÃ³n Aniversario - Un AÃ±o Despues),768,album,116
Aire (VersiÃ³n DÃ­a),769,album,116
8,770,album,116
Party Animal,771,single,116
Millennium,772,album,117
This Is The End: Original Motion Picture Soundtrack,773,compilation,117
Backstreet Boys,774,album,117
Black & Blue,775,album,117
The Hits--Chapter One,776,compilation,117
Never Gone,777,album,117
Esto SÃ­ Es Cumbia,778,album,118
Cumbia Del CorazÃ³n,779,album,118
De Buenos Aires Para El Mundo,780,album,118
Una Lluvia De Rosas,781,album,118
20 Kilates,782,album,118
Entrega De Amor,783,album,118
CÃ³mo Te Voy A Olvidar Â¡EdiciÃ³n De SÃºper Lujo!,784,album,118
The Middle,785,single,119
Clarity,786,album,119
Stay,787,single,119
Happy Now,788,single,119
Make You Say,789,single,119
True Colors,790,album,119
Good Thing (with Kehlani),791,single,119
Clarity (Deluxe),792,album,119
Sentio,793,album,119
The Christmas Song (Expanded Edition),794,album,120
L-O-V-E,795,album,120
Unforgettable,796,album,120
The Nat King Cole Story,797,album,120
Balance,798,album,121
Intense,799,album,121
Easy To Love,800,single,121
Great Spirit,801,single,121
Leave A Little Love,802,single,121
"Feel Again, Pt. 1",803,album,121
"Feel Again, Pt. 2",804,album,121
Repeat After Me,805,single,121
"Shell Shocked (feat. Kill the Noise & Madsonik) [From ""Teenage Mutant Ninja Turtles""]",806,single,122
Stay Trippy,807,album,122
Crypto Business,808,album,122
Rolling Papers (Deluxe 10 Year Anniversary Edition),809,album,122
The House Is Burning [homies begged],810,album,122
Stay Trippy (Deluxe),811,album,122
Shockwave,812,album,122
Highly Intoxicated,813,album,122
Lo Siento BB:/ (with Bad Bunny & Julieta Venegas),814,single,123
Limon Y Sal,815,album,123
Si,816,album,123
Esta MaÃ±ana Y Otros Cuentos,817,album,123
Julieta Venegas - MTV Unplugged,818,album,123
Tu Historia,819,album,123
Born In The U.S.A.,820,album,124
"Santa Claus Is Comin' to Town (Live at C.W. Post College, Greenvale, NY - December 1975)",821,single,124
Born To Run,822,album,124
Greatest Hits,823,compilation,124
The River,824,album,124
LAST CHRISTMAS,825,single,125
Make It Big,826,album,125
Fantastic,827,album,125
The Final,828,compilation,125
Music From The Edge Of Heaven,829,album,125
All-Star Christmas,830,compilation,125
El Ultimo AdiÃ³s,831,single,126
Gracias,832,album,126
Reencuentro,833,album,126
15 Exitos De Oro,834,album,126
Secretos,835,album,126
Si Me Dejas Ahora,836,album,126
El Ultimo AdiÃ³s,837,single,127
Mi Buena Suerte,838,album,127
La Banda Del Carro Rojo,839,album,127
Gracias America Sin Fronteras,840,album,127
Los Dos Plebes,841,album,127
Contrabando Y Traicion,842,album,127
Realidades,843,album,127
Jaula De Oro,844,album,127
La Garra De...,845,album,127
Herencia De Familia,846,album,127
Reckless (30th Anniversary / Deluxe Edition),847,album,128
Waking Up The Neighbours,848,album,128
18 Til I Die,849,album,128
On A Day Like Today,850,album,128
Anthology,851,album,128
Cuts Like A Knife,852,album,128
Christmas EP,853,single,128
A Winter Romance,854,album,129
The Dean Martin Christmas Album,855,album,129
Everybody Loves Somebody,856,album,129
This Is Dean Martin,857,album,129
This Time I'm Swingin',858,album,129
"Dean Martin: The Capitol Recordings, Vol. 4 (1952-1954)",859,album,129
Loose,860,album,130
"Whoa, Nelly! (Expanded Edition)",861,album,130
Say It Right (Sped Up Remix),862,single,130
Girl Power Tracks,863,compilation,130
Folklore,864,album,130
Promiscuous (Radio Edit),865,single,130
El Ultimo AdiÃ³s,866,single,131
Ricky Martin,867,album,131
Vente Pa' Ca (feat. Maluma),868,single,131
Cumbiana II,869,album,131
Vuelve,870,album,131
A Quien Quiera Escuchar (Deluxe Edition),871,album,131
Ricky Martin MTV Unplugged,872,album,131
A Veces Bien Y A Veces Mal,873,single,131
A Medio Vivir,874,album,131
Otra Noche en L.A.,875,single,131
Love?,876,album,132
El Ultimo AdiÃ³s,877,single,132
On The Floor,878,single,132
Ain't Your Mama,879,single,132
Jenny From The Block - The Remixes,880,album,132
On The 6,881,album,132
J.Lo,882,album,132
Dance Again...The Hits,883,compilation,132
Rebirth,884,album,132
SpÃ¤t nach Haus,885,single,133
FÃ¼r den Himmel durch die HÃ¶lle,886,album,133
PAUL,887,album,133
Sterne (feat. Bozza),888,single,133
Ich & keine Maske,889,album,133
Ich (Premium Edition),890,album,133
Mozart: Requiem Realisations,891,album,134
"Mozart: Piano Concertos, Vol. 6",892,album,134
"Mozart: Piano Sonatas K.310, K.311 & K.533/494",893,album,134
Amadeus,894,album,134
"Mozart: Piano Sonata No. 16 in C Major, K. 545 ""Sonata facile""",895,single,134
"Mozart: Requiem / Exultate, Jubilate / Laudate Dominum",896,album,134
Mozart: Kleine Nachtmusik (Eine) / Serenata Notturna / Divertimento No. 10,897,album,134
Mozart: Nozze Di Figaro (Le) (The Marriage of Figaro),898,album,134
Mozart: Works for Violin & Orchestra,899,album,134
"Mozart, W.A.: The Wind Concertos / Serenades / Divertimenti",900,album,134
AbrÃ¡zame Muy Fuerte,901,album,135
Juan Gabriel,902,album,135
Pensamientos,903,album,135
Cosas De Enamorados,904,album,135
Todo,905,album,135
15 Anos De Exitos,906,album,135
Siempre En Mi Mente,907,album,135
Recuerdos II,908,album,135
Nellyville,909,album,136
Country Grammar,910,album,136
5,911,album,136
Heartland,912,album,136
The Fix (feat. Jeremih),913,single,136
Bettie James,914,album,136
Chopin: Nocturnes,915,album,137
"Chopin: Piano Sonata No. 2, Nocturnes, Barcarolle & Scherzo",916,album,137
"Chopin: Nocturnes, Vol. 1",917,album,137
Chopin: PrÃ©ludes,918,album,137
JUST THE BEST MUSIC Vol. 2 Solo Piano Relax Playlist,919,compilation,137
The Pianist (Original Motion Picture Soundtrack),920,compilation,137
"1846, derniÃ¨re annÃ©e Ã  Nohant - Chopin: Cello Sonata; Piano Works",921,album,137
The Best Chopin,922,compilation,137
El Ultimo AdiÃ³s,923,single,138
La Historia ContinÃºa...Parte IV,924,album,138
Tu Amor O Tu Desprecio,925,album,138
FAVORITAS CON AMOR Vol. 2,926,album,138
Marco Antonio Solis,927,album,138
Trozos De Mi Alma,928,compilation,138
Por Amor A Mi Pueblo,929,album,138
En Total Plenitud,930,album,138
Una Noche En Madrid,931,album,138
MÃ¡s De Mi Alma,932,album,138
Let's Talk About Love,933,album,139
Falling into You,934,album,139
The Colour Of My Love,935,album,139
These are Special Times,936,album,139
A New Day Has Come,937,album,139
The Very Best of Celine Dion,938,compilation,139
Celine Dion,939,album,139
Words (feat. Zara Larsson),940,single,140
When Iâ€™m Gone (with Katy Perry),941,single,140
"Let Me Go (with Alesso, Florida Georgia Line & watt)",942,single,140
Motion,943,album,140
Forever,944,album,140
Native,945,album,140
Chasing Stars (feat. James Bay),946,single,140
REMEDY,947,single,140
Only You,948,single,140
Leave A Little Love,949,single,140
Joan Sebastian Con Mariachi,950,album,141
Secreto De Amor,951,album,141
MÃ¡s AllÃ¡ Del Sol,952,album,141
Pegadito Al CorazÃ³n,953,album,141
Rumores,954,album,141
Afortunado,955,album,141
Que Sea,956,single,141
Un Lu*Jo,957,album,141
Holiday Inn (Original Motion Picture Soundtrack),958,album,142
Bing Crosby - Christmas Classics,959,compilation,142
Christmas,960,album,142
Their Complete Recordings Together,961,album,142
White Christmas,962,compilation,142
Bing's Gold Records - The Original Decca Recordings,963,album,142
Aadukalam (Original Motion Picture Soundtrack),964,album,143
Roja (Original Motion Picture Soundtrack),965,album,143
7 Aum Arivu (Original Motion Picture Soundtrack),966,album,143
Love (Original Motion Picture Soundtrack),967,album,143
Hum Aapke Hain Koun (Original Motion Picture Soundtrack),968,album,143
Unna Ninachen Paatu Padichen (Original Motion Picture Soundtrack),969,single,143
Saajan (Original Motion Picture Soundtrack),970,album,143
Sangeetha Utsavam - S. P. Balasubrahmanyam Isai Mazhai,971,album,143
S.P. Balasubrahmanyam All Time Hits,972,compilation,143
Petta (Original Motion Picture Soundtrack),973,album,143
Main Hoon Na,974,album,144
Soulful Sonu Nigam Specials,975,compilation,144
Kal Ho Naa Ho (Original Motion Picture Soundtrack),976,album,144
Agneepath (Original Motion Picture Soundtrack),977,album,144
Fanaa,978,album,144
Kabhi Khushi Kabhie Gham (Original Motion Picture Soundtrack),979,album,144
Kurbaan (Original Motion Picture Soundtrack),980,single,144
Khakee,981,album,144
"Sapna Jahan (From ""Brothers"")",982,single,144
Jab We Met,983,album,144
Mera Dil Ye Pukare - Tu Aaja (Heartlock Mix),984,single,145
Mohabbatein,985,album,145
Veer - Zaara,986,album,145
Dil To Pagal Hai,987,album,145
Rang De Basanti (Original Motion Picture Soundtrack),988,album,145
Jab Pyaar Kisise Hota Hai (Original Motion Picture Soundtrack),989,album,145
Ãconos 25 Ã‰xitos,990,album,146
Ojos En Blanco,991,album,146
Calidad Y Cantidad,992,album,146
Gracias Por Creer,993,album,146
AntologÃ­a Musical,994,album,146
MÃ¡s Adelante,995,album,146
La Otra Cara De La Moneda,996,album,146
Todo Depende De Ti,997,album,146
Para Ti Exclusivo (En Vivo Desde Arandas Jalisco),998,album,146
"Tu Hi Yaar Mera (From ""Pati Patni Aur Woh"")",999,single,147
Bachna Ae Haseeno,1000,single,147
Jannat (Original Motion Picture Soundtrack),1001,album,147
Tum Mile (Original Motion Picture Soundtrack),1002,album,147
Zindagi Do Pal Ki - K.K. All Time Hits,1003,compilation,147
Bhool Bhulaiyaa,1004,album,147
Evergreen Hits Of K.K.,1005,compilation,147
Desi Boyz,1006,album,147
Gangster (Original Motion Picture Soundtrack),1007,compilation,147
Rebelde,1008,album,148
Nuestro Amor,1009,album,148
Celestial,1010,album,148
Varisu,1011,single,149
Kabhi Alvida Naa Kehna (Original Motion Picture Soundtrack),1012,album,149
Karthik Calling Karthik,1013,album,149
Indru Netru Naalai (Original Motion Picture Soundtrack),1014,single,149
Kandukondain Kandukondain (Original Motion Picture Soundtrack),1015,album,149
My Name Is Khan (Original Motion Picture Soundtrack),1016,single,149
Dil Dhadakne Do,1017,single,149
Dostana (Original Motion Picture Soundtrack),1018,single,149
Legends - Top 10,1019,album,149
"Bollywood Music - Kumar Sanu At His Best, Vol. 2",1020,album,150
Kuch Kuch Hota Hai,1021,album,150
"Bollywood Best Trio - Kumar Sanu, Nadeem - Shravan",1022,album,150
Kabhi Haan Kabhi Naa (Original Motion Picture Soundtrack),1023,album,150
Saawariya (feat. Arjun Bijlani),1024,single,150
Phool Aur Kaante (Original Motion Picture Soundtrack),1025,album,150
"Aankh Marey (From ""Simmba"")",1026,single,150
Vijaypath (Original Motion Picture Soundtrack),1027,album,150
Piece of Mind (2015 - Remaster),1028,album,151
The Number of the Beast (2015 - Remaster),1029,album,151
Fear of the Dark (2015 - Remaster),1030,album,151
Somewhere in Time (2015 - Remaster),1031,album,151
Powerslave (2015 - Remaster),1032,album,151
